-1BzcQK-HDA6LVOThHMpsw	-89.533669	42.988018	"Pizza"
-3fmY6IhikhUQXpiaLgxHA	-89.209229	43.087208	"Burgers"
-4PHmmCt_RmAfaE3sDKW_g	-89.351433	43.092888	"Burgers"
-4vjcfGpSB2deqkySrKEsg	-89.393967	43.047035	"Mexican"
-5xC7s9Ujg5F-3xFXtM_kg	-89.524178	43.081535	"Italian"
-bM4iAhg0-fgDFFC0FipNA	-89.425728	43.000393	"Pizza"
-eGTRXRUBYnypv8Jk08nKA	-89.53376	42.988052	"Sandwiches"
-KUdfxOnrFNI9etBfq_bJQ	-89.483734	43.006828	"Delis"
-lb5532P5eoxMadPPrZVXw	-89.526787	43.093082	"Sandwiches"
-lM-2nuo2PWM_VbG6h1g1Q	-89.38134	43.074738	"Japanese"
-lS2Q9JdT03YOttyrM1vSQ	-89.416306	43.150665	"Mediterranean"
-ntkzXz9IpDkH588QRzazQ	-89.301956	43.131554	"Pizza"
-odkpokd88CBC5yKwe5RBw	-89.394234	43.074593	"Italian"
-oMxF2hKY-mnUsxbOxp5eQ	-89.529846	43.074921	"Seafood"
-urnMsIpIEjgllhwNznREQ	-89.398987	43.07539	"Indonesian"
-VVLldg7X2mzTXELTakMfA	-89.519936	43.097557	"Asian Fusion"
-W7kIVd5iQj2-jH37ej24w	-89.410545	43.067638	"Pizza"
-_MW8aOOA_bJAA2kOv8X2g	-89.323715	43.048248	"Sandwiches"
00bhYDS5z8kMeE1tGwokGA	-89.390213	43.079273	"French"
0DxeMAfznpqhxH1Z8O0_Yg	-89.353882	43.092518	"Chinese"
0IDIy6Ti9V4rKhX-WgWFHg	-89.41861	43.02335	"Thai"
0iJhsBF_AkHsVUKCggWsQw	-89.537323	42.989754	"American (Traditional)"
0lN71KKnrMMuRDIssDVGww	-89.387543	43.074776	"American (Traditional)"
0lslsYnEVGDtXiM9V2GxWg	-89.499657	43.05661	"Japanese"
0NNw9CHm0X8LJBvmIJvBIA	-89.408241	43.068043	"American (Traditional)"
0oQFFOdPZycIBmGkoBrlbg	-89.309784	43.125401	"Fast Food"
0p3MbCriuvH9hgqRK9W-LA	-89.3825	43.073402	"Sandwiches"
0pQhnZ5CV60lSKTQg2GKng	-89.472832	43.07399	"Fish & Chips"
0pXk2JkijBpi2Iz0D5pFXA	-89.395164	43.07486	"Mediterranean"
0rj2xW1YKAbfHxe804Fefw	-89.430092	43.014744	"Italian"
0wGWhZw81cIG7YjwghZhgw	-89.396179	43.075157	"Breakfast & Brunch"
0zaZp4Kqar6P4iG0ZfuftQ	-89.473633	43.048916	"Seafood"
0ZcJhkUVGmBKEJJWwMK41w	-89.496101	43.055157	"American (New)"
11TesR4KkvWZaTHaVINe2w	-89.503059	43.049431	"Chicken Wings"
11yg-JMNCFowyIjJarzuDQ	-89.300911	43.132305	"American (New)"
120FPCmDjdvuHrAnRmHKKQ	-89.391281	43.074028	"Burgers"
154tSL4P_0sblVtP7uP3_Q	-89.525673	43.090481	"Sandwiches"
1alcD9lDjwxDIcGaUh9oCw	-89.428246	43.05722	"Indian"
1HbKFWG5QKzYkuNxig6H7w	-89.499802	43.05661	"Vietnamese"
1hBOR97oX5Xph3J8Tdob7w	-89.529655	43.090424	"Burgers"
1jgVM2JiqQY2EYbDX5vbqg	-89.525642	43.073277	"Italian"
1qz8Ws6tEu04X632x08pzg	-89.519905	43.060654	"Pizza"
1s5nBRc-6BqFT_1-ZaVVug	-89.413239	43.067482	"Cajun\/Creole"
1TuDep1-bkTot7PQU3_ceg	-89.501961	43.059441	"Fast Food"
1vXBMPl0It4jzUWBM-lJgA	-89.457115	43.038692	"American (Traditional)"
1YEuqVtVMHdpavzoGcUUug	-89.306282	43.12965	"Breakfast & Brunch"
24_ltXORy8Taumt3NO9zsQ	-89.501617	43.057129	"Burgers"
25XliadakX5VWw3mdcsHug	-89.390236	43.075123	"Hot Dogs"
2A1764Mly4f-WEysgPgZFw	-89.397682	43.055992	"Hot Dogs"
2aai1pIfThxDTTD_WwXHeA	-89.326096	43.060589	"Chinese"
2b_lt45uM8XMgX-weIJ3nA	-89.393875	43.076561	"Delis"
2KiC2dj6rf3UWuvj6RPAgw	-89.379715	43.074059	"Seafood"
2n8klCaMGjzobHudGoczfg	-89.320023	43.097996	"Mexican"
2pmMehsVKnwhgWPSOxrkjA	-89.22879	43.187653	"Chinese"
2pODeDkLYUSv0BBVkNoB9Q	-89.383026	43.07399	"Hot Dogs"
2uapF8uioz-DZ2Eq0eeXmQ	-89.411461	43.072468	"Chinese"
2vsPceME9rHNZ9OkR5zrpg	-89.382195	43.074566	"American (New)"
2WxwgDMKm8XW6grbuMsDwg	-89.409935	43.035164	"Pizza"
2WYBbV-VCKcnFemxWDZH_w	-89.211594	43.18298	"Mediterranean"
2xmRqCzVBfnoJPzBPnefyA	-89.523499	43.096771	"Tex-Mex"
2xRvgHdrm4X3myIFdp9Wew	-89.473221	43.05162	"Pizza"
311yXufoXR2dFngMHS9MFg	-89.342041	43.104298	"Burgers"
32TNAtF2XVRYr1W_0deWMw	-89.264244	43.186867	"Mexican"
3Jq5cde5lN9tLPrrOUAEFw	-89.456749	43.035412	"Delis"
3KUwS1FedV0_L5y_D9YAiQ	-89.392517	43.07481	"Mediterranean"
3mEOCjX7s9mW4QUMqAAyOA	-89.526726	43.073486	"Vietnamese"
3nwskbfFgsSjVe6T8keTeg	-89.364983	43.083164	"Thai"
3SnqTPne49E5XSYv7BvYUw	-89.36174	43.085461	"Breakfast & Brunch"
3xgqwzxZ0_tdcGSw27Q8vg	-89.418167	43.06411	"Delis"
3xVoQSgkPAd2i0GE3lHSZg	-89.526695	43.093834	"Steakhouses"
3x_CqRwRgiHczkqPGAwacA	-89.388756	43.074982	"American (New)"
3zD6rxB92Mr0jb-LoYFFWw	-89.227531	43.187691	"Burgers"
3ZQmCHGtK6JNHlxaCeOx7g	-89.477196	43.046883	"Seafood"
41yvEnuFyB1iVzKYGXbTMQ	-89.528931	43.001877	"Tex-Mex"
48Qg18SR0flit8fAvHAcvQ	-89.36483	43.082527	"Latin American"
49150bdhn4UlD0bygx0pAg	-89.474075	43.049545	"Mexican"
4bBYl_RCAqiQcyADojHUWw	-89.518478	43.076077	"Peruvian"
4buhMysOQJBM6dHx7TxuUw	-89.421745	43.034252	"Breakfast & Brunch"
4Db74Jsyp81bei99fo-3Xg	-89.513885	43.057758	"Mongolian"
4dL8yzQu974eCtTI-V4Znw	-89.390602	43.075287	"Thai"
4F-mUkDJW2_Dtys7tv_GCA	-89.378609	43.075172	"Persian\/Iranian"
4h7Fz2FeBu_KAx5FnFQ-Tg	-89.299507	43.133629	"Sandwiches"
4OXNgYFTNQxBmMR-0cV7Aw	-89.39212	43.074924	"Chinese"
4pZeC9W0EIiBTOJMnwG2vw	-89.324158	43.046593	"Burgers"
57kf_KK1Lg7AIq0ozInH7Q	-89.345825	43.213375	"Pizza"
59HbIvjRvRyLfB8BnkoSYg	-89.32132	43.083263	"Fish & Chips"
5KLNovlvOYDv-hhXJg_83w	-89.227005	43.199535	"Tapas\/Small Plates"
5m0OPZOPkohxh1D67M7ncA	-89.486015	43.061218	"Breakfast & Brunch"
5RNo_HDbcYMc1By8BYFBzQ	-89.391029	43.074799	"Himalayan\/Nepalese"
5uxhIGZlJm9g_zfG_83z5Q	-89.248245	43.175381	"Chinese"
5w-qVzxUOGEajm9eH3gEkA	-89.404945	43.03635	"Breakfast & Brunch"
5yDWNMFglisReWoTykOTRg	-89.435791	43.052917	"American (New)"
5_TX9FincQ29TOSLDfFxUQ	-89.518372	43.076172	"Mediterranean"
68JsiWNLKs8NDCrBCxIWMA	-89.363441	43.111263	"Steakhouses"
6BaQ2FZTDi2FYX9dIxWeJA	-89.407394	43.072639	"American (New)"
6fDr0uxQ6HahgzMq0EkUXQ	-89.407593	43.071075	"Asian Fusion"
6GcKYcihd0psn7qY_bHMgQ	-89.212929	43.18335	"Chinese"
6jCcIZcdhNPVep1oeUvegg	-89.343681	43.097054	"Breakfast & Brunch"
6kyDVPmMcp5Bogqcc99low	-89.426758	43.006191	"Mediterranean"
6LNptbDHEKFDOpiJ7f-QYQ	-89.502388	43.051048	"Burgers"
6nJfunvc3qyJ_32W1xNgYg	-89.345718	43.102867	"Mexican"
6oDZ78JiSKjXVLcurCpnhw	-89.502159	43.084461	"American (Traditional)"
6PuVFIL1rF5E-qu0Wq-Gug	-89.49836	43.05711	"Japanese"
6pYw00nLXSFTAsFngeB2Pw	-89.518669	43.075775	"Breakfast & Brunch"
6QR-mdYPWJ9WuN7-xtTfQg	-89.383217	43.073498	"Mexican"
6YfLUTHFWdjZeMwsXTU1ww	-89.545425	42.988808	"Chinese"
75hp1dHtMxLGbunwDZq7Cw	-89.311531	43.121609	"Indian"
77ESrCo7hQ96VpCWWdvoxg	-89.487488	43.091061	"Mexican"
7NMvQUStQYd0ArBNnqAWtg	-89.423302	43.016552	"Mediterranean"
7TqO3HEI7NJF_WGKwgPCaA	-89.345695	43.093666	"Sandwiches"
7uoxZ35biPZfl8m5w2_XRA	-89.348412	43.100597	"Pizza"
85GaloTNAYNl3hF87CPdkg	-89.513153	43.060101	"Chicken Wings"
89O2bCyo92IpEEvgFXqOMw	-89.323051	43.11731	"Delis"
8AGIIxZ-BBHbEGsgmhOOwA	-89.30558	43.047207	"Burgers"
8GlGakyGqp9WvToKcnJmxg	-89.38401	43.072632	"Mediterranean"
8Khkf1BmXmalNT_J6iKFvw	-89.479874	43.015633	"Pizza"
8REGSaP_BKW1_rCQxY3G4Q	-89.497284	43.055134	"Chinese"
8sYsE-RIvdubisaa69PxiA	-89.503258	43.049282	"Mexican"
9ba1OMB3H6MlG7-yhKMNeA	-89.376976	43.075741	"Cuban"
9DoW6jACkEl-irp7Vu1K_A	-89.381149	43.074432	"Italian"
9GHHH-edaSLwKZahZTdM3g	-89.386986	43.07473	"American (Traditional)"
9GUN0cEAK6ysOz0oGhCK8A	-89.377174	43.0756	"Breakfast & Brunch"
9IR2y5jdZuzi2QocPjkJGw	-89.431404	43.179569	"American (New)"
9JSYmkJ-sRW4zJCun7N5vA	-89.393936	43.07468	"Russian"
9p1o6jCY4fkQAJRmEjgSMw	-89.407593	43.071075	"American (New)"
9Tjj3Zg-PPFCIUB_ITe30A	-89.398956	43.075771	"Vegan"
9uS7KnxzXV_-ZJMk_2rUSA	-89.301628	43.132431	"Chicken Wings"
9vcPZJKD46IkBlFuU4Z-Dg	-89.351982	43.092834	"Thai"
9vgu6o1CwP5NakVkb29z0g	-89.304321	43.128078	"Japanese"
9vr4pVexU8hhnbQBJECzmg	-89.485527	43.101673	"American (Traditional)"
9yDl7MtVdwC_f-wq-_elBw	-89.474075	43.049545	"Italian"
A01nkmSFV2W8U5lHPd_XXQ	-89.326424	43.070766	"Mediterranean"
a0OzlHl0S82RujF3NHpCaw	-89.52845	43.091816	"Italian"
a1RJtImq30iLs4oxM--QKA	-89.51194	43.096134	"American (New)"
A32mYktgckODsMR3gM3hRQ	-89.495483	43.058414	"American (Traditional)"
A3ZK7esn3oKG5O3OEWMHiw	-89.390694	43.074905	"Himalayan\/Nepalese"
A5ECBI0p_9mZ46Y5J3cjsg	-89.392143	43.069092	"Fast Food"
a66CtYcUgVjXy57GcoDOXg	-89.305992	43.12056	"Sushi Bars"
a7H1crfc9XcHQtAEkRcGLg	-89.514183	43.095943	"Italian"
aaYR5kTMqgRGVtTr1kKmKw	-89.396751	43.074886	"Mexican"
aCMhR8XTu-f8GgMHYl0ipA	-89.376854	43.083881	"Breakfast & Brunch"
aE0Wo8zNiFcxvlsNRgR0dw	-89.365746	43.08194	"Vegan"
AgD6hnqosTCtVV4dxAOlDw	-89.455338	43.191841	"Sandwiches"
Agr28_3DohGpTAD0NGS95Q	-89.324677	43.078587	"Breakfast & Brunch"
Ahxtxiyb19N2x13hD5V3hA	-89.495804	43.060883	"Seafood"
Aio5aGXkf0aEeGCcSpWkRg	-89.354729	43.092098	"Tex-Mex"
akBR5CMRuiCqlPIdlS-eiQ	-89.320168	43.119232	"Delis"
aMxgW7RlILhF-vcD-sihhg	-89.506798	43.056248	"American (New)"
aP9wnNPiOIWCyk27ZTeRqQ	-89.369453	43.08559	"Fish & Chips"
aqnvzRlSMlW5OX9A-qipLA	-89.437431	43.074291	"Breakfast & Brunch"
ASymmzRviIlU8mrIhFOg9g	-89.378075	43.078468	"Barbeque"
AW5lMwA8JoOt0aCjNLUPMA	-89.364967	43.082657	"Latin American"
aybLDQRhUwOr7WoQfdofPQ	-89.385834	43.075199	"Steakhouses"
B0Vuwn6Hugc-0U5n31YBfg	-89.48674	43.102898	"American (Traditional)"
B1HTB6w695NqBmsE0P3abg	-89.389702	43.069389	"Steakhouses"
b1Rosp3eIyRKgSbr6Axg1Q	-89.383064	43.070717	"Pizza"
b3ZOCcD_bU9Tfv21o9ThBQ	-89.400368	43.06776	"Delis"
bAKErQneMNuEThzhMgXFJw	-89.321571	43.047207	"Chicken Wings"
bb45kilCGJFTZeCJKplA4w	-89.393913	43.041965	"Barbeque"
BcSaNiXBsGaxdnZU096QTg	-89.502686	43.05838	"Breakfast & Brunch"
bee_DAFUBI2MzhBytXHGoQ	-89.434319	43.073151	"Burgers"
BfiU8hGgUpNNm7t-ljnwmw	-89.410728	43.06757	"Chinese"
BfnwW7f18N4J0MD-bnh1zQ	-89.2089	43.182331	"Pizza"
bFosvxlK1PWI6dqvIKpQ5w	-89.423325	43.018089	"American (Traditional)"
Bgsr91YOV0F48h0OUCgciA	-89.416809	43.064777	"Breakfast & Brunch"
BIZJ8UjhK3fXu3YjHDZztg	-89.353989	43.092266	"Sandwiches"
bjbkbKup-HqkkWRrEOk2cg	-89.427277	43.014439	"Mexican"
blGfkNECY-L-tz7dIwCuWw	-89.34581	43.136467	"American (Traditional)"
Blv95aU63EQSMw7wH9xSQA	-89.388824	43.071739	"Pakistani"
BoYuRrfyC6qQSaJFrgAWWg	-89.370949	43.07822	"French"
bp0ybMOXsfLPsLfuITeVlg	-89.214081	43.183186	"American (Traditional)"
Br9o4CNzhwUw4YUHseGA-g	-89.475235	43.082817	"Pizza"
brkJrGv2Eaj9NTl9g2RMgA	-89.326103	43.070232	"Pizza"
Bt2JuKNLqSnVympH-mvEVA	-89.325577	43.07011	"Chinese"
BVgnavF-B0wxQhP7wJTAVg	-89.32608	43.069805	"Breakfast & Brunch"
BwQiwAZTHjmoBY0yO06inQ	-89.373741	43.047718	"American (Traditional)"
bxF5KhZbBhVk3usx58FgVg	-89.358246	43.252224	"Burgers"
BxPqfu5QC1SJsYX-9Iseaw	-89.398582	43.074867	"Chinese"
bXwFv2IslBSzkMPFkS_aLw	-89.382477	43.073563	"Seafood"
BXZvqVclZMv-1_xHCdgOCA	-89.52755	43.0909	"American (New)"
BywnwBmTMHrChhyJZtmI_A	-89.451569	43.038055	"Chinese"
BZukyg37Vf7j0oLJC24LHg	-89.395691	43.073433	"Sandwiches"
bZX-b9fInWIk8j3Y50uBWQ	-89.428848	43.072083	"Korean"
B_K4A2gIK7Q8rPmBDYI86w	-89.452019	43.038074	"Mexican"
c1cGCn1syl9_c6XKEu4Mhg	-89.390869	43.074715	"Irish"
c2KtIwcnEh99YWZsRgq4zQ	-89.492172	43.093506	"Fast Food"
c2ZluDaHbes0-ZgvZyurBw	-89.477692	43.031967	"Chinese"
C4OV-RMJmH6_CauQki_PhA	-89.389938	43.074982	"Sandwiches"
C70R_7VBmd4WHCZp1B9i1A	-89.401581	43.06768	"Hot Dogs"
cCStad4wX3ADPbz5AHCn9g	-89.316002	43.08416	"Chicken Wings"
cd5bMHS4w56rLfjcLGTobg	-89.497658	43.05608	"Indian"
cFZj6p-KEiAZokMPbjuMRA	-89.529846	43.074921	"Italian"
cG-wWJPO6MCuphYIqVcLsQ	-89.496529	43.060825	"Pizza"
CgZG8x59kWo4-wVt5vHT4w	-89.400993	43.060841	"Latin American"
ChGhLt5JU2TfoDb3DLQa2A	-89.496803	43.060947	"Pizza"
ckliJ8meY4ZMF6aQUb8PYw	-89.386948	43.07489	"Pizza"
cl5ZkXAzkitvivng_INUkQ	-89.418976	43.021286	"Argentine"
CLW4LJCYbAkwlgNWB2rVbQ	-89.391418	43.068188	"Pizza"
cmv6wUUe-H0xRiFEY0__iQ	-89.382446	43.074955	"American (New)"
cnc5Fu-xE1CKLI_bh7P01g	-89.475983	43.083424	"Breakfast & Brunch"
COM6IM0lIfhMpcknjVi4CQ	-89.381706	43.074661	"Barbeque"
CPC9LXgq7G_H_hCCfKoodg	-89.419182	43.020515	"Mexican"
cpGv6ES2hzPCtCUQgipwXw	-89.364464	43.098434	"Cajun\/Creole"
CQDpilFXuke4O2lt8-WeZA	-89.391281	43.074028	"American (Traditional)"
cRqZ_w9ImfYYIXTHpJMv0Q	-89.326149	43.056328	"American (Traditional)"
cruBFtsFaBuhX_I72uU8pA	-89.494919	43.095547	"Pizza"
CshTEcwHhtL7uxs888cLzA	-89.476028	43.011444	"Breakfast & Brunch"
cTuhBA_w1wtYLo3AKoGYRA	-89.386215	43.07473	"British"
CU5d1QN2A5cgcR9zmLVS0g	-89.386276	43.075214	"American (New)"
cwrf67GWlXnwNDEY0iiTgw	-89.383316	43.076622	"Korean"
D29kq7IMnXgUO38dqE9aqA	-89.519226	43.060589	"Mexican"
D3a0vrdXzT_UkbPNhK8f7w	-89.387543	43.074776	"American (Traditional)"
D4KioPzFvBwb04Pf7rtCeA	-89.412132	43.027409	"Chicken Wings"
D71QSaNEuvnh6OQLseRMZg	-89.518471	43.076065	"Delis"
D9H2EYJa9n7yDU013SVgvg	-89.429718	43.072575	"Mediterranean"
de0hIDLks3ROJQtmSJWWPw	-89.524483	43.071434	"Indian"
DffW-HjpvUAf4Flm7XInyw	-89.235138	43.17931	"Mexican"
dgGpvbTjAWet0YPJ3kDJiA	-89.414185	43.067142	"Pizza"
DgKTPEdH5yk552xBU5lgCw	-89.312981	43.123413	"Pizza"
dgq6Y3t81Hq3Og-qd4C5Ew	-89.471443	43.077888	"Burgers"
di0k415NkTOQp6mZ6AbTOQ	-89.523048	43.086346	"American (Traditional)"
DInchTMpKhM-G52cNKLtOg	-89.423958	43.067688	"Gluten-Free"
dkgNL4LAIyKexAIRQy7Yew	-89.263855	43.185383	"Fast Food"
Dn5JUcOKejakeuUwMlSR5Q	-89.38118	43.075027	"Mediterranean"
dOo_jUaYeHC4b6bgOytinw	-89.490417	43.060101	"Mediterranean"
DR4xcr3eJ0vfYRomvx036w	-89.374565	43.076603	"Chinese"
dt-Tjif0Zss4pYcJdQFWZA	-89.325951	43.054489	"Italian"
dvVGSwtFcW0sl-m-pEeVlg	-89.419182	43.020515	"Mexican"
DWZM3Qw0WJminDcXoBE_eA	-89.331184	43.107246	"Burgers"
dylp6k9_Du-oojW5lVNwyA	-89.423065	43.016811	"Soup"
e-YQOv0Uid6uzCz23yCyXw	-89.368347	43.080631	"Thai"
E6MOhbSbSu8Jqf9kNcNokg	-89.363899	43.11137	"Pizza"
E7suHPqErWxNpcKA9PCSHQ	-89.396255	43.074871	"Thai"
e8EODhFjwcYUzt_qFKJWzw	-89.511383	43.071846	"Sandwiches"
EbhnT9RcTyyGNBp1s2NQZQ	-89.383827	43.076046	"American (New)"
eC4iEcRR3p5NLq9Zf80ZGg	-89.311592	43.126461	"Chinese"
ed5VpqG6NlI2_ALQpZ0lLA	-89.396408	43.074883	"Mediterranean"
EFLVfAlLigGlQRqbi2IfBg	-89.438484	43.061089	"Sandwiches"
eG3Kxpv-JOLib9o5W9Aiyw	-89.369011	43.080032	"Tapas Bars"
EH7sT3dV-B365RETWCQhIA	-89.395668	43.072803	"Burgers"
EkGPPkqPj4_MB-cJLZhw1Q	-89.344795	43.102886	"Vietnamese"
EnQewGyKYsME5gchmyvsPg	-89.3908	43.075417	"Russian"
EO_LRZc_g0KIR-uRC2ecnQ	-89.427765	43.057671	"Burgers"
eptljN50_4BpIwc2Op_A_A	-89.241081	43.178307	"Delis"
eq5za-Fm-8zRPTse36U17g	-89.499794	43.056622	"Sandwiches"
ermmqHwPQKg9VqUFZx61xQ	-89.360809	43.085621	"Cajun\/Creole"
EwxURzkF_rhj6cVP7lxPhQ	-89.394279	43.044014	"Mexican"
exfWB4hSVa1jWCVerV-0PQ	-89.414185	43.067142	"Greek"
EXhgynZdOfPAbIn0_O-e_w	-89.381508	43.077126	"Mexican"
ezv2z7IlkKlvZdBPo1Msmw	-89.382195	43.073193	"Sandwiches"
EZwI5OaiqJq2w2_z6qP0rQ	-89.392616	43.074039	"Chicken Wings"
F-AdB1lknzwNMurzMKiTzA	-89.386246	43.07473	"Vegetarian"
f0gIqoBYj7GKOh6Icl8vAg	-89.414925	43.036003	"Fast Food"
f0Pu46xqZJnnuGuqnWOmOA	-89.3638	43.113735	"Chinese"
F92FlIAD1dyD7LObQeS3WQ	-89.328171	43.115307	"Steakhouses"
fBBMlJIud_LXrTV-zfkM0g	-89.390862	43.074776	"Pizza"
FbMM7eqnhQuZ6yQ2D4qXcw	-89.395355	43.067825	"Soup"
fc7QD3p7hOyewBFNOvTdOg	-89.512238	43.06115	"Pizza"
fDWvQT7sHx2PG6S41-V0ow	-89.393066	43.075459	"Burgers"
FEAThH5bopnifwEhMMCCFg	-89.503166	43.047249	"Thai"
fEX1IcPNrhJAdwk4DgyVVw	-89.384338	43.07243	"Steakhouses"
FFox_Hm1gZGvlRxlQsxaLw	-89.383888	43.079151	"Delis"
fGhu7d7oW09qDgVI5CZV7g	-89.485046	43.104118	"Seafood"
FHqwLwpLjUjeLP-IdG_o_w	-89.383896	43.076099	"American (Traditional)"
fI33gSlUBxDrc2OnLxIKew	-89.40699	43.1488	"Seafood"
Fik8yq-66Gfe0AHw8DvoSw	-89.523621	43.059891	"Chinese"
FiP9q_YD5vgxu_Sflo5oZw	-89.307541	43.083714	"Fast Food"
FIR1SRvSAMNTO3VvNaJn2g	-89.302574	43.043926	"American (Traditional)"
fjaQ3Ixkofh8xGhklUtDnA	-89.351898	43.092419	"American (Traditional)"
FK_jzgn-m43CMlgIijEdZg	-89.383301	43.076836	"Tapas\/Small Plates"
FL23wk71EZ_piNiMlrtaKg	-89.326141	43.045227	"Breakfast & Brunch"
fmfiSDAJtjxbnRBBtYhnNw	-89.270096	43.166397	"American (New)"
FmR45YKqNhwz7wHSzTFl4A	-89.301826	43.013611	"Pizza"
Fn5eocQntKgSQaZdcZn-HQ	-89.344643	43.102947	"Seafood"
FNRimJN6wz2Bywuz4RV_TA	-89.381653	43.077099	"Breakfast & Brunch"
FO3SpeDotNVzBiehHKgr0Q	-89.388451	43.074776	"Tapas Bars"
FO7qxNWeGo6ck3CiIlicPA	-89.420212	43.01952	"Mexican"
FoHNVQQbiuY7CV8cc-iFzg	-89.429855	43.072094	"Burgers"
fprvphULe1moL5FtfiAIHA	-89.526451	43.089672	"Sandwiches"
FPyYoexztOi-I0-uOaUFgA	-89.408775	43.062286	"Delis"
fsWrXr42acPXByS_TdNgiA	-89.396248	43.073334	"Chinese"
FuBvRp5gR0_Y6DV_l5ph3A	-89.38282	43.0741	"Sandwiches"
fuhjVvhkQ22j92BTGHEX7A	-89.475357	43.014763	"American (Traditional)"
fXQmGQcLtMaRJyxsRfIe-w	-89.376144	43.076321	"Delis"
G1qUGBNYNS220jKlPAlFsA	-89.512039	43.095722	"American (Traditional)"
g5FAsWG5zxs0lO-VfGUD1g	-89.406982	43.072071	"Sandwiches"
g68i6-Bbu7uYQOKOQX8Hsw	-89.279846	42.953163	"American (Traditional)"
g7YEgauyG_E7y4OE6Qb8lw	-89.526451	43.089672	"Indian"
GBgdaHOZrl6csfHS69MWyg	-89.363472	43.084236	"Caribbean"
GCTDM94HiKxC7GcAWbb4Og	-89.427277	43.014439	"Chinese"
gd6Vp5KC2w88jE_WXjlCTQ	-89.518471	43.076077	"Indonesian"
GeJ-B98ljcntQSjzsJTnIA	-89.529129	43.074921	"Mexican"
gek_g8XYloM9I2QlGZlgYw	-89.211609	43.183189	"Sandwiches"
GeLUSRVqE5_EY-TvYH9JnQ	-89.524902	43.059799	"Tex-Mex"
girHOrL-3_pZGw7INEoehQ	-89.486397	43.101059	"Spanish"
GjCRAtOg_RGkVQ5vPcQ6AQ	-89.386612	43.074741	"Mexican"
GJQvDc5DZQeXKmG_5Tcbug	-89.458374	43.014881	"Indian"
gMjE9BrDrp78S1PrXK77fA	-89.226471	43.20047	"Breakfast & Brunch"
GmzXl2AyaOrEcfszW4zSsQ	-89.391579	43.075039	"Burgers"
gNdraHh0R1oNgTqGDvKzmQ	-89.482742	43.015099	"Mexican"
GNNQAUC72sEoqrqB3Qg7EA	-89.527008	43.073441	"Sandwiches"
GokvXs_TzVFZFTLY8XZcOA	-89.512184	43.060661	"French"
gsb1ZXNd36YwANID3u1M-g	-89.200371	43.086475	"Pizza"
GTAOZFZqZmis3TuM9H_t1w	-89.381233	43.074745	"American (New)"
Gtcq8csNOko-L7iSwMLVqA	-89.452377	43.071468	"Asian Fusion"
gTsg3Nj8pKvsmVz3dbLfiA	-89.376534	43.076241	"German"
GTzBzNa-rywEeyPhF6Ruvw	-89.496567	43.061142	"Mexican"
gW0k1iIF1xuuFclzI_HbBA	-89.422562	43.034737	"American (New)"
GWy44IkifrxF-o4TeJf48Q	-89.410736	43.067696	"Thai"
H-e74SghEFfIz_TdUS_2KQ	-89.395027	43.073605	"Falafel"
h2IzpWxS1VR96D_vP_NOdA	-89.50679	43.060757	"Pizza"
H7tw19v9LaUtfqMCECfIzA	-89.501343	43.056477	"Burgers"
HaBkx5PwvbBpQ2iNCgHnVQ	-89.511162	43.10146	"American (New)"
HBKuUBX75MDgt2YL9m1AIA	-89.44603	43.191391	"Pizza"
HcYgayvViHr6GneVeeM0kg	-89.366432	43.082054	"Pizza"
hgyeQb-FVc6I_l7PKqsosA	-89.378311	43.07859	"Barbeque"
HGzdDbukK8RJEc623kLz5Q	-89.344185	43.19553	"Burgers"
hH1LPiHDueU27kWO1X8dVQ	-89.395882	43.053165	"Filipino"
hie20LBtxJNRU76iSL_LBw	-89.392265	43.074833	"Himalayan\/Nepalese"
hJ3BUiQg64X7NNgjhIJ9yw	-89.511017	43.095879	"Breakfast & Brunch"
hjH_oyzhpg3c77ainpx3kg	-89.381256	43.074741	"Italian"
HlCumau3xO8vau_JAteqUg	-89.497658	43.05608	"Mexican"
Hld3cjWyfPpW5hDcgXfNQA	-89.326141	43.056732	"Pizza"
HLWtNcf3l-wKb6v9duteMQ	-89.355583	43.123699	"Barbeque"
hmPkit7DjWX9raBoACw_rg	-89.453033	43.073349	"Fast Food"
hO91yFmQKGV5l0OHUyRmeg	-89.390366	43.075306	"Burgers"
hOfQeUVAJf9oDyHubmhtgg	-89.526451	43.089672	"Sushi Bars"
HOMBFwgPLC_Wc9k7Obo7OQ	-89.360909	43.085545	"Breakfast & Brunch"
HpSBHeixIP2YxLy4L1f-HA	-89.344635	43.103378	"Delis"
hQqpcdl0ja6yCWzmhkTUuQ	-89.307304	43.073723	"Mexican"
hRhfF2UJI0KY0oEdaYUsfg	-89.434143	43.073013	"Tex-Mex"
hSl4HdPdu6ohwFKJPfj93A	-89.395638	43.072895	"Pizza"
HTplzElel_F_U_qhWuDKdg	-89.350189	43.103497	"American (New)"
hUDeQq7KZXx_w7aFxdO-aQ	-89.376778	43.083656	"Modern European"
hV22wvZcG-ppTGJUKr7sBQ	-89.397385	43.074909	"Japanese"
HXwr1Zh2zSltr_lR_GQv7w	-89.399162	43.149323	"American (Traditional)"
H_v6RNdguzFiINUKkMWvZA	-89.526726	43.073486	"Salad"
I2U95iRo5MNDh5FfuSXOuQ	-89.341721	43.246658	"Mexican"
I3y5bZ0mKuHnPGdNJNfZig	-89.405533	43.030407	"Mexican"
I8Bx7iuHWz6d2TQDfKfjqA	-89.325523	43.054703	"Pizza"
I9ou3EWN8rz9jva7eOWDhA	-89.437431	43.074291	"Pizza"
IbYYCuGqR4Lgfvf_WJTNuw	-89.390274	43.07478	"Italian"
IDzoyWfSInajUDnsN3wW6g	-89.457436	43.014931	"American (Traditional)"
IEmqrFe96NOhU07TA0rZdw	-89.494423	43.104534	"American (Traditional)"
iFd_GU21RrxyzL8eE0RQEQ	-89.408356	43.067757	"Asian Fusion"
IgHkvKIzy6Zjx5NBA0i0ng	-89.383934	43.076584	"Seafood"
igIYj4v02l7KNIIY6jSlDQ	-89.394295	43.074852	"Burgers"
Ihd6mI4cfXzIwcMSXZnhnA	-89.444023	43.035503	"American (New)"
iH_M6BQkAPM7kz3_vJ79RQ	-89.351646	43.092968	"Asian Fusion"
iJoOddOUDpJISnQxzcDw9Q	-89.39386	43.073063	"American (New)"
ImJ7QAw6T6ayJT1AGr7OgA	-89.381004	43.074268	"American (New)"
IncHBMUV1ZqQIuuUqNWCow	-89.3452	43.093769	"Delis"
IoWXpj8WFNNu47rKpPb-Og	-89.473602	43.050179	"Mexican"
IQir8LAg3twHUpyTFbKzsQ	-89.386581	43.074741	"Burgers"
iun1duUP2DH4i05GFKeDcw	-89.461342	43.193665	"Pizza"
ivtZQyk8W-ZRbUHkUpXh6Q	-89.446281	43.075813	"Soup"
iZiZ99cSmh7WN_FPFgxHwA	-89.378334	43.078671	"Burgers"
IzSXqxIto8XZb70oW3tagg	-89.309074	43.129593	"Mexican"
J1PYuJeaIicJ_869hiwkyw	-89.53286	43.00267	"Mexican"
J3A5V0Hl07o_KQSI2hHf_g	-89.381561	43.074345	"Breakfast & Brunch"
j61tzz0XkdFV8YUBZNNzhw	-89.303368	43.130375	"Mexican"
j7GDzt9TfD87_JWJy9eI4Q	-89.227005	43.199535	"Breakfast & Brunch"
J7LSbTM72--2497H1kkM0w	-89.355324	43.092377	"Burgers"
j7m93ywQtPt9e2pUZwUBlw	-89.524429	43.098564	"American (Traditional)"
J9e170ePOgmkaJR1pEFB3Q	-89.412514	43.067589	"Gastropubs"
Jb5SB2OXbRW0e7ErGlMK-Q	-89.325333	43.085152	"Burgers"
jbg4nsAmAsAy4uk7GO9GuQ	-89.395012	43.073608	"Thai"
JCJcqtpyMebMoBKqCpdPhQ	-89.301826	43.013611	"Pizza"
Jcy2OENZ9uTPee2gE6InMg	-89.503044	43.065376	"Asian Fusion"
JcYf2kgpAgkpWq_7lf6I4Q	-89.239708	43.177956	"Chicken Wings"
JD1uVun5FEF_Ih2PnHCbuA	-89.313789	43.08432	"American (New)"
JdCFcgw4yk4M1ZRhAhBIag	-89.303978	43.130005	"American (New)"
JdIDnJocVGw3qPQt-TUCzg	-89.393227	43.074089	"Barbeque"
jEf18KTlek4zRHdsv6kIPQ	-89.418167	43.06411	"Belgian"
JeQoph3qUjc1R1hB2Ym4hA	-89.312195	43.125423	"Pizza"
jeVW4mtueMKmy-zIAosOmw	-89.427269	43.057861	"Burgers"
JeXAH4ViHZpZi7RMC-NQjw	-89.409996	43.06776	"American (Traditional)"
JFQL_nMFo2bG215kCjuvmQ	-89.50293	43.059242	"Mexican"
JFtE_LnG2D8jYKxiWaVfzg	-89.422165	43.034611	"Sandwiches"
JfwNftzYnLyX5O1Koc794g	-89.297676	43.131386	"Burgers"
jGU7WGOM2qUHofLKZAFAIg	-89.324547	43.047218	"Chinese"
JHH_izscXkz4L_vhSWgj1Q	-89.51255	43.058781	"Barbeque"
JJFoeKZXgi2_LeECDMkkoQ	-89.360123	43.092873	"American (New)"
jjs3hjwVrZt4aMvaVjq5wg	-89.326408	43.071491	"Pizza"
JlvNACJVl7irjkosXgwhIw	-89.497009	43.058556	"Pizza"
jM-vUiQqkHDanbUezYAgSg	-89.344795	43.102886	"Chinese"
jMuL6rhpAMlZUjxCRhoszg	-89.381638	43.074406	"Steakhouses"
jNznjS_5scWjZbuXPM2mgg	-89.525681	43.090454	"American (New)"
jo-BEjs7UYovOAupDAN_yw	-89.363258	43.129414	"Pizza"
JoqEMWBfPFS6pLhBxPyENQ	-89.504944	43.061447	"Fast Food"
jOt2dDDvOJrvHMUPNgqyVA	-89.518478	43.075176	"Chinese"
JPFzpR5PvZWqHXQMIZFk2w	-89.309044	43.122993	"Sandwiches"
jPoxyjiGRAauQBBC8Cv0nw	-89.369843	43.094704	"Steakhouses"
JqFd6WfrCqDvvgPmfY5njw	-89.40432	43.067554	"Chinese"
jqo3Ljexof9sA8PhSTwEjA	-89.312416	43.122246	"Indian"
jqOPL979k-t_Vc049CnAjg	-89.290657	43.106571	"Pizza"
JQrF4iHYZkF5IBTvOQBpIw	-89.438347	43.075352	"Breakfast & Brunch"
jRRXj-_BhNvmxG8I568uKg	-89.444321	43.075291	"Chinese"
js34oCYYc3od-WQcR1_yPg	-89.379471	43.075554	"Cajun\/Creole"
jsortSnJ4WQVoH5y5Nkq0g	-89.352043	43.046829	"Chinese"
jX2ibRfoHT-lw0Q5_xBzsA	-89.519432	43.060581	"Gluten-Free"
JxYTEIQqDEXgjHXtfvecAA	-89.467499	43.075783	"Mexican"
K2BxGfj37me-kf__ey4GVQ	-89.400002	43.05777	"Barbeque"
k4JV4ZZpePUvyYRB56k75g	-89.393967	43.047035	"Japanese"
k5H_Rach_UfUMBzceYDmPA	-89.387459	43.074848	"Seafood"
k7nMFY6F1mAkmuXTHSPZoQ	-89.53302	42.989704	"Pizza"
K8H3xHHqQU4ptS-KMU1Rpg	-89.392273	43.074261	"Burgers"
kaVALmiCtmGywyZ9OKLf0A	-89.518471	43.076077	"Mexican"
kb9tYt5ROG7UCErX0zhskg	-89.447685	43.075108	"Mexican"
kBlNS_d29MrzbaqY-8-JiA	-89.389557	43.071991	"Latin American"
KBsLagkr8NN8SCozXI9zvQ	-89.383797	43.077438	"Creperies"
kCxBx5BK0CkDmgM6K-oJ8g	-89.410965	43.029713	"Burgers"
KFJ1jBfFkRfyn3AoAUl3YQ	-89.516045	43.097687	"Burgers"
KglkEgsfJwvi5FlVEeI_Rg	-89.37606	43.08474	"Pizza"
KHOHjA8HOcTlFBCtMQFv8A	-89.349312	43.093132	"American (Traditional)"
ki33_SvM4kPjgA44Re8-zQ	-89.326714	43.056622	"Delis"
kiAsweI4sOjDzGyz3Y_HsQ	-89.511314	43.106274	"Burgers"
kIFYMeaYAQ44wQVQSO2qqA	-89.393623	43.074387	"Dim Sum"
kJMUMpRfGMZUhjzoz-YvmQ	-89.503616	43.050091	"Sandwiches"
KJzbxY4NJir2JTyf2ZpyuA	-89.401131	43.060635	"Chinese"
kkJjyRQHnFYojucX1XrV8Q	-89.473793	43.050999	"American (Traditional)"
Kll7gNga3DJAqBlI_QfQvQ	-89.304115	43.129383	"Mongolian"
KlXFiE8uA4R7o0uH9_GFYQ	-89.435463	43.073685	"Mexican"
kN1r0JbeWQVJ4pCdNg0nFA	-89.461891	43.194317	"Steakhouses"
Ko4WEdNZcqJ-wG5TWvy4tg	-89.396347	43.073338	"Japanese"
KOr67KmoAwv7sm2pFNbFFA	-89.325729	43.058548	"Seafood"
koRLvzIl-4fCybOIdk56jA	-89.511055	43.095554	"Cajun\/Creole"
kOXJrbuB1a1Na6sf_WQnDg	-89.325951	43.048756	"American (Traditional)"
kQwOqgf1GJ9rGoR63aODgg	-89.539085	42.989132	"American (Traditional)"
KTqNU4plO23583DYAMGXYg	-89.486221	43.100384	"Chicken Wings"
KW6HejC-67KSL9J8Cz1dSw	-89.528481	43.075344	"Chinese"
KzE5pMcqJG0YI2VW28_pig	-89.365089	43.088436	"Steakhouses"
KZqtFAwDj83bTXxft2FMjg	-89.386147	43.075317	"Indian"
k_I-3oMvtwagc6ncm_4dJw	-89.456314	43.014187	"American (Traditional)"
l7imlEc3eotQ6v2i3B9j9g	-89.497116	43.016132	"Pizza"
L9ANG1S2a-ap3FDASsyNgw	-89.452988	43.071846	"American (New)"
lacQtBT5y4-ba3Vc5zaChQ	-89.407166	43.067829	"Chicken Wings"
lbgz7xgYLCL7B-87Uvzx1A	-89.523788	42.994644	"Burgers"
lbsXdPS87AOWpEgOYFQlFg	-89.497993	43.013988	"Fast Food"
LczmFOyHd7US9DlxC4FUWg	-89.473747	43.051567	"American (New)"
LfZkD8a_d3joEnGHlaw_sQ	-89.309967	43.124599	"Japanese"
LHyB122HpkWueoWj-0bX4A	-89.437325	43.074127	"Pizza"
lIL_VuvmxBr_yQQH_P9QHg	-89.369408	43.080059	"Breakfast & Brunch"
lIZIzyPMiI76KD-oYTAo-A	-89.495499	43.057938	"Steakhouses"
lJ42TdBYPhu5YL0S1MTx2A	-89.395401	43.074875	"Sandwiches"
ljM93seasLFGNZIljfHLKQ	-89.496246	43.060841	"Chinese"
lJZ6Fmei-JTNb-6AsGVFJg	-89.401192	43.060333	"Chinese"
LLR8iqKn7nmfwXWl1S13Lw	-89.392723	43.074749	"American (Traditional)"
lNE3gOMb724YPlZAA8WlXQ	-89.314171	43.123413	"Burgers"
lpMxECFXLWSoz0fEBrex1w	-89.30378	43.012505	"American (Traditional)"
lqWA69JvNPnKppFzKcAx5A	-89.214096	43.183205	"American (Traditional)"
LRKJF43s9-3jG9Lgx4zODg	-89.374985	43.251045	"Fast Food"
lT0ojiymSxa_hqG5i91Umg	-89.393066	43.075459	"Brazilian"
Lu0N7DPZKJ6OHBpwsymwYw	-89.36274	43.129723	"Mexican"
LWmlH8MwUnwMWN5Ma8utnQ	-89.326073	43.057297	"Delis"
lWtpoG_7K7wwyvggpdIDRQ	-89.466667	43.075516	"Pizza"
lYtEUImN4UeqRiDblcbmkw	-89.525192	43.073189	"American (New)"
LY_N7ALZ59BlCZIktlp13Q	-89.289284	43.148521	"Irish"
LZhSXYnTkl19ADNbuhflPg	-89.51226	43.05862	"Chinese"
l_0JhWjpL2BesMEIDAM4Fg	-89.416603	43.065231	"Pizza"
M1n4HVSdD9FIyfmIoxxRrg	-89.346169	43.093636	"Mediterranean"
m79L5WLftprDSKdXEtdrIg	-89.39595	43.074776	"American (Traditional)"
m7A3dirXL7hki-N_3ljCXw	-89.41404	43.066967	"Soul Food"
m892tIZECgluvVNsfcXjfQ	-89.451447	43.074741	"Steakhouses"
m895jLiOudG5PuMLMnt13Q	-89.382988	43.073803	"Asian Fusion"
M9hINQo_GnEenib_3wA33Q	-89.385414	43.075378	"Sandwiches"
MAQuGx-ontt6sFidiyivRQ	-89.390755	43.074715	"Japanese"
mCDxCgLrtC6ehnqA2kdlBA	-89.400871	43.060844	"Latin American"
mCkBmMzzebIqJgEFQnYbkQ	-89.38134	43.074738	"Barbeque"
mfyN5vtvzga1LCU_8zQVhg	-89.423569	43.034576	"Caribbean"
Mk3Zdgr98L5aX8OZbamLUg	-89.380653	43.074532	"American (New)"
MKsb2VpLB-0UBODcInDsSw	-89.500687	43.09705	"Chinese"
MLhAJtjWHoToXm4pXzIV_Q	-89.393066	43.075459	"Brazilian"
MONajnUQ5-IRtv8PSPn_yA	-89.307068	43.084991	"Breakfast & Brunch"
moXWAu-8-kZqJQ4XV3zhlA	-89.43	43.015442	"Cajun\/Creole"
MRkKtODtC6p6weVE370vcw	-89.391495	43.074577	"Mexican"
MRObvlfMLEhz9szPTMkGwQ	-89.381104	43.074993	"American (New)"
MVFeOZVt641WBvdsRmnhPg	-89.357979	43.104435	"American (Traditional)"
MvWxzyY3zIFH1fZL53E1yw	-89.395439	43.067623	"Dim Sum"
myck1Tde_kSBGZWtS3IcHA	-89.379745	43.074577	"Tapas\/Small Plates"
MyeOK7hDefkzlOW4-Y0qVw	-89.382286	43.076027	"Falafel"
n-O-ZAWuFNcT3_saUNuijA	-89.317383	43.09782	"Chinese"
n0nO8SqUhinPwsYWxF6Ggw	-89.299179	43.133102	"Barbeque"
N2JLcJVu7GNI1gljz7MfDw	-89.445518	43.034523	"Moroccan"
N5Ha9RpMPYnYqBurfS1mtg	-89.298752	43.133747	"Steakhouses"
n6cm_UuOgYnrMSgcc9DDwQ	-89.471527	43.021	"American (New)"
N6GOzN3tUw1uZa9F3TK6ZQ	-89.45385	43.075714	"Mexican"
N8Q2s-Snz2vL79zB3rEEug	-89.364319	43.083252	"Burgers"
naUQ_ZHKq2ONBwW5EhJXJQ	-89.428986	43.056786	"American (Traditional)"
nbpY3tbPrAksoqOrYwlx7Q	-89.395248	43.074867	"Mediterranean"
nD7siFv4qlUd6p5hb2ROHA	-89.424095	43.002316	"Mexican"
NDAxF0_RCZBQedVO_d5WnA	-89.230476	43.180786	"Chinese"
nE51k932dNFc-gClgPguVw	-89.354683	43.092201	"American (Traditional)"
NERLJXacJ3b6peiZ8ceeqA	-89.510597	43.095375	"American (New)"
NG6A1dF_kEpvv7yCbDyOXw	-89.524178	43.081535	"Steakhouses"
NGd6y0mliDBWUinZrHV95A	-89.394821	43.073471	"Sandwiches"
nGITQ2y2zIiTtdZIcpnPpQ	-89.368538	43.08046	"Pizza"
NgtL59zyO_uHkCRdAKx9Aw	-89.400856	43.059841	"Sandwiches"
NiO-zxKvN0s8SrpPUJzyrg	-89.523804	42.993832	"Burgers"
nisE3lGuzeEWY2KXMGbYNg	-89.383476	43.076748	"Greek"
Nj0vQjUYjaa7qbvZlEr2jQ	-89.494942	43.096889	"American (New)"
NktflCS0XU0jNnfmA_rUVQ	-89.401306	43.067787	"Sandwiches"
nm8-Bn7O3DUytb5RZw4V5A	-89.308304	43.125076	"Fast Food"
nNtQUTbPkTiuPt5S9_RBFQ	-89.388214	43.0369	"Soul Food"
nQK95GJD_KB-bc_g14bD9g	-89.355858	43.091171	"Sandwiches"
NqV89VQBV9kvUaA7a8F-tg	-89.389923	43.074516	"Breakfast & Brunch"
nTtHXkGVjBrE1Eez-mT3aA	-89.393944	43.074684	"Japanese"
NU-zCTASWAWs4Q3urXH34g	-89.401001	43.060371	"Thai"
NVxVxIejYzTYC0Pykia91A	-89.356567	43.097919	"Breakfast & Brunch"
NwpLyXhYhid7YND3n63MqQ	-89.389503	43.071857	"Latin American"
NY9IPJUtCK86OMZRyDstlA	-89.446487	43.185123	"Pizza"
NZx8-l781_yegpZzze0SrQ	-89.470863	43.184158	"Pizza"
o0glZNTt9u5D4inTo8yAhQ	-89.210815	43.181072	"American (Traditional)"
O4Vj8OBC47rfnDiT40xWgw	-89.396347	43.073338	"Steakhouses"
O5lo-GKCG3cX8X4bh_DR_A	-89.314781	43.122528	"Breakfast & Brunch"
o8tByeItJvauPe3ro4C-Jw	-89.40049	43.061584	"Mexican"
o9yOVCn0XH-E-lGVvhR0SQ	-89.400002	43.076355	"American (Traditional)"
OAXWfsklsATjpui2C8HilQ	-89.408699	43.06776	"Pizza"
OC8AUJshLVimn_-P_INvJw	-89.218529	43.183277	"Chicken Wings"
ocBn5aTkPzIspEW_16_uMQ	-89.519218	43.097805	"Burgers"
ocM1uh1T3HP_6g9b3GxLHg	-89.452019	43.038074	"Mexican"
OCXnwXY6knlIkvz-WR1L0Q	-89.326965	43.047424	"Chinese"
OdetLT5gBDPneWZUfyf7_A	-89.389175	43.074982	"Mediterranean"
oDhW8nHK3wxxpNGsebByeg	-89.324379	43.119953	"American (Traditional)"
oF6fkggof-biVezMoe0h3Q	-89.395248	43.073452	"American (Traditional)"
oG461FRj4wvl4MwDnvRtww	-89.477219	43.015488	"Delis"
oGE8GPmBvHXQskP-m2cdLw	-89.382362	43.075291	"American (New)"
oIJYW6CGV3anvQE-SpofzA	-89.393341	43.075264	"Mexican"
OLV_KmtKkIcxs3QJIXk6gA	-89.394691	43.075138	"Mexican"
omWFwLRqI3VTcM46L8-qaA	-89.449234	43.075676	"Mediterranean"
oPy0Tl_2FDz0xmzdZJWLnw	-89.394325	43.07513	"Fast Food"
OQiuH7p9g5il4A37ovvoag	-89.306374	43.128456	"Steakhouses"
oudTF4EN_C8thENGiTQf-w	-89.308762	43.126678	"American (New)"
oUxY7X9MCqd_wrZgfV4GNQ	-89.513885	43.060059	"American (Traditional)"
owGvJscfm-k-rpAH8mEmBg	-89.386581	43.075611	"American (New)"
owSUyyh0E-SuMUVhEoYRfQ	-89.423988	43.017906	"Russian"
OwZGnPRa4ey7uVtmtkgOxw	-89.416916	43.064709	"Mediterranean"
oX6KamASYXnMIe5kpVhezw	-89.30838	43.120575	"Chinese"
OXLegbUo6HA3DN3lBFTsUg	-89.390625	43.074905	"Mediterranean"
oxOXOMTcAntmPU3f_1YFjw	-89.50518	43.05854	"Greek"
oXup5d96auPpUOBh5YBeyA	-89.364273	43.083672	"Caribbean"
oZaCeojhVeBMvcjk_bFDag	-89.454216	43.036453	"Seafood"
OzB1Hv1A8Lz_V4hYZ7Duzw	-89.439026	43.060669	"Burgers"
O_Pu4mKGOqQVlmH07Zbnhg	-89.338791	43.193405	"American (Traditional)"
P46Logr1MjUMaX5LkdKmWQ	-89.393341	43.075264	"Pizza"
P66sz7bv4Kf0hpv99EJRkg	-89.529167	43.091118	"Irish"
P6Pd2jqw3kd5W9-2zTH53A	-89.309074	43.129593	"Mexican"
Pa_brCvUaiUPPvm3tJQwgw	-89.328468	43.114655	"Greek"
pCzLfTSM5JDWuYs800kd2w	-89.423195	43.017723	"Pizza"
pHBQ-dQRwN3z7Rq7iSog-A	-89.299751	43.084614	"Pizza"
PhdMPqSdLZi6IV8SdnpUAQ	-89.309418	43.12627	"Italian"
phhIK_ibq30MYfPe1RqnuQ	-89.387367	43.074337	"Italian"
phKPw5YMDur-Ssm_5S9Mag	-89.513741	43.096359	"Chinese"
pi6eN2zM9VAR4RjAoFSqzg	-89.452332	43.072243	"Sushi Bars"
PjviuTR-xCu7gQp_OkypFw	-89.353798	43.092304	"Thai"
pJwfUoqrSmn4DzKvYPG15Q	-89.502243	43.082611	"Chinese"
pMqxdmAaOIqd65pc90ZxCQ	-89.415901	43.150578	"Delis"
ppeTb_JfnAbO200zcTgNMw	-89.388954	43.074677	"American (New)"
PrgdIc0zK9nc8jo8I18x8A	-89.381165	43.075188	"Burgers"
prVzsllS7vDmOjgLrGeRTw	-89.213852	43.183037	"Pizza"
pS5WsUlWOVAPM0S2rVI-SQ	-89.395508	43.07299	"Breakfast & Brunch"
pSiRWeCqs7a1xvS9ycLoTQ	-89.291107	43.106575	"Chinese"
PU0mSETFzjlHjPpvuG2L7Q	-89.395721	43.074875	"Burgers"
PuuOi8bxsvgD_r60iCXS9g	-89.199524	43.075562	"American (New)"
pVakb9nR3jA3CzINOdj1aw	-89.290443	43.055805	"Thai"
PwoprUYCL7q-Qf42Vo6K7g	-89.509315	43.057091	"Japanese"
pYEGS9sTrmI7ZRYr6PUVMQ	-89.524887	43.071426	"Japanese"
Q-zcwSfZdlwr6GxH1DBi2Q	-89.225998	43.199295	"American (New)"
Q2jxycSUgHb8GkYV0LCX0g	-89.21093	43.19582	"Barbeque"
q83uB6EGF6y2MuR-7VZPRg	-89.371803	43.134052	"Fast Food"
q8fD82us6uuGufvI44NoAg	-89.510963	43.095543	"Italian"
QB64-PgfEUzbrOL50bJ0Bw	-89.317787	43.1217	"Fast Food"
QdSGdvZATzejDkSs435Rdw	-89.287354	43.107342	"Burgers"
QF14BFUVHRODxGNVflgm3A	-89.294106	43.12944	"Breakfast & Brunch"
QfCHvy6v39xPH7CvCASlFg	-89.321823	43.083488	"Pizza"
QFMHjSUt08y0c98SA3aBrA	-89.393135	43.074791	"Japanese"
qgVp-2nMz_3LwQvJRyOnng	-89.390213	43.079273	"Sandwiches"
qhPbmsT1nEJK6yVezXeXLg	-89.500801	43.056641	"Fondue"
QHSoLHA09QR8gVWc7DUTug	-89.218773	43.191814	"Sandwiches"
QKZfKyU8ZGy2UMfV7pnXtg	-89.368477	43.081181	"Mexican"
qmbHSjielEKCiVilOarRmw	-89.49514	43.055836	"Pizza"
Qmj5kB3b0yecXY2_arOWLQ	-89.544106	43.034035	"American (New)"
qN-ZkN7mJ_HpA1eKr4TJpw	-89.394325	43.07513	"Steakhouses"
Qnv-Kl3HW650ad8vl6M3fw	-89.420555	43.019333	"Japanese"
qodyGnpmj1zEfi7nJ534BA	-89.325272	43.056992	"Caribbean"
QPoVUuWecc1JIjuFZ7z8qA	-89.396103	43.073334	"Mexican"
QPvnu5I_l70fa7FPuTdMTQ	-89.486412	43.101059	"Mexican"
QQbrS9OZpQ_eALmMcw4tVw	-89.380997	43.075054	"Mexican"
qsBet6HtxE0x41cUYl8vgQ	-89.397125	43.075653	"American (New)"
qsq6Ozsxm1D4ZnF-ELN8Ug	-89.326126	43.060871	"Pizza"
qtof0pEDDUNjEqyWhTv7rg	-89.494194	43.056038	"Mexican"
qVYpYB4vSeijG8J01fOcEQ	-89.523186	43.097435	"Steakhouses"
qWHI4WUBBvJEmSKbPcSj0Q	-89.33992	43.247959	"American (Traditional)"
qymr9oI_9DCswudVnbLmHQ	-89.395981	43.074898	"Sandwiches"
QyUUk1q6X6zmblgoFViVNA	-89.394958	43.075142	"Salad"
qZvOUSrOPDvtqCXdeuVacg	-89.496811	43.06052	"Soup"
R-uBWKTDv8FS3Scskr6UCA	-89.394447	43.07513	"Pizza"
R-WGYWUx3ZjdkNBbMnX4Ng	-89.383316	43.076622	"American (New)"
r1Rlh4ATdawiln-hCLca_A	-89.392334	43.074612	"Sandwiches"
R2060e-CaVOuvncSKiwh0g	-89.390907	43.075256	"Burgers"
r2DtJRPrDnaMpliSJ9I9_w	-89.376778	43.083656	"Sandwiches"
r4HOnHnQWKaq0e7dlP1fRA	-89.382469	43.073563	"Burgers"
r5S_wYdu1vKRW1k-7_yOIA	-89.423683	43.067802	"Sandwiches"
r5vubOtIllL_hVZE9qXeFw	-89.392563	43.074326	"Sandwiches"
R6TxOULUEMSq1-7P0w6kTA	-89.308601	43.062725	"Fast Food"
R825-NTAI2wG2C4mN-dtNA	-89.290764	43.135441	"American (Traditional)"
r9qTBqmKG4TCb4IE6NcVXQ	-89.526405	43.073105	"Mongolian"
Ra-YjaLMpi2GA2Y_JhI_Mg	-89.405411	43.031151	"Soul Food"
rb8rRrH9bcb123-2Qaw3_Q	-89.386864	43.07317	"Delis"
rcF4ynGx5ySNQ3UFRPpcKA	-89.372169	43.07811	"Tex-Mex"
RC_6Br1TzdgWWDDIZMAI1A	-89.441681	43.075127	"Steakhouses"
rdAdANPNOcvUtoFgcaY9KA	-89.306137	43.025642	"American (Traditional)"
RgDg-k9S5YD_BaxMckifkg	-89.343719	43.240875	"Chinese"
rgSSCx0tb9AQyCkAvMSIoQ	-89.39521	43.07486	"Vegan"
rgyvl8tNVAony634_9vFdQ	-89.342926	43.10379	"Tex-Mex"
rh6Ieo2hIejppvew2bVL0A	-89.394814	43.074852	"Sandwiches"
RHZcJuvnYxiLOkoiE1aTcQ	-89.383423	43.073483	"Irish"
rINqiBnIgisJ1T21OePKtQ	-89.363655	43.10743	"Breakfast & Brunch"
RIsEPpt2jM7c_Ko_CyLwMw	-89.22525	43.182487	"Fast Food"
rM9uAFBEU9LWggHmXjKl7w	-89.52562	43.089531	"Mexican"
RO-9-UB9FlWg2kt8w1qf5g	-89.503242	43.049755	"Breakfast & Brunch"
roZ3dxN37swf0dgglLUUCA	-89.30954	43.085613	"American (New)"
RqddKSVAuYRKjV8KZFuMQA	-89.374657	43.088837	"Mediterranean"
RsHTIOVFfmrnnhp-Z9YP8Q	-89.383324	43.076866	"American (New)"
RSus8g2uybiZVmcTK0PeIw	-89.381302	43.074841	"Japanese"
rweHhCO0jb3MuiGMBCAOMg	-89.407654	43.06749	"Pizza"
rwTTrgEw4euLFsWW2vXOcQ	-89.30275	43.013802	"Mexican"
rWwz7S0fNmveQQM3PqnC1Q	-89.220314	43.182941	"Pizza"
rXEGCpdboVwczMIDZuXXaA	-89.375893	43.07679	"French"
RXmZoUSV4dILgcdNd7GCtQ	-89.308769	43.125416	"American (Traditional)"
Ryq600aoE3h8_qRQGIed9A	-89.345947	43.102943	"Lebanese"
S-n6gL7uF-LxZu8WNgnuuA	-89.363777	43.113735	"Chinese"
S2PszSc6uq-RoYhbRDQIrA	-89.523254	43.055359	"Breakfast & Brunch"
S2x-rEziU3ONR9zO_vpPxA	-89.301491	43.131077	"Soup"
S3Pa4MsbTLKu6iVWB0ui1w	-89.212776	43.183132	"Mexican"
s4Juaxp_7gziJj1DXr2JGg	-89.380753	43.072651	"American (New)"
S4TWo9X6b3gU6uucj4JN3g	-89.314621	43.120579	"Mexican"
S5hhvcIx8UKUqpZrnd81pA	-89.533669	42.988018	"Pizza"
s5kSyEvwIqraXvwPYVUWJg	-89.528084	43.093582	"Pizza"
s9wjkr7qf8DVJYuRiLk30Q	-89.5093	43.057091	"Sandwiches"
saspjozkqxIjjnElzvZskg	-89.511826	43.095665	"Italian"
Sd9exwQrSKcZiN3RAhcAUA	-89.355331	43.092251	"Vegan"
SGXxugJwTuR4BI7qKso4cg	-89.337532	43.049324	"Cajun\/Creole"
SH8daZRCv3N0ZeUANkHdXg	-89.413406	43.174191	"Barbeque"
ShEYKerTwb2LSORE5o_s7A	-89.496994	43.107227	"Breakfast & Brunch"
ShObkipoAQV3I_vn_f-mDg	-89.3452	43.093769	"African"
SkHb1w-oNPW1hHlzgLb9ew	-89.395721	43.071857	"Burgers"
SKLw05kEIlZcpTD5pqma8Q	-89.485168	43.090641	"Asian Fusion"
sKNqTICN-nyn5hRNmPO8tQ	-89.380997	43.075054	"Mexican"
slyBpcL9O_pU1ljR5tCBxQ	-89.395012	43.074867	"Sandwiches"
SMMG0t2uJCK2LVdMiXv68w	-89.361519	43.085617	"Pizza"
sopWjB3MxMH78YBga0SnrQ	-89.339859	43.04689	"American (Traditional)"
spiYqne1kXzYQxDTZfKt2g	-89.325615	43.050446	"Barbeque"
SQbHqhfb-x2WuVBmo1WsFQ	-89.325569	43.070499	"Mexican"
syfCpXqRXeL4tyokKx6JJw	-89.518494	43.075146	"Pakistani"
sywKS0egWKmb9vJr9a_zUA	-89.395935	43.053226	"Indian"
T5LbVJHSyafrUpVpamSifg	-89.325577	43.049931	"Mexican"
TakzvjVEcezDYtsmZ1QW_Q	-89.397476	43.055538	"Mexican"
tca9YdoxwUBXuQb1_IEkOw	-89.309418	43.127502	"American (Traditional)"
tCYKZXzVg2zBAzmprrZt-g	-89.368668	43.079823	"Japanese"
tg1xGdWUMX02XD6AVb-kxw	-89.515823	42.979103	"American (New)"
tg88uNQ_Qeq3zopVmBY5dA	-89.349983	43.102512	"Sandwiches"
tGwlErNeCa04wN5dJfSUNA	-89.325951	43.054489	"Salad"
th4uGmjyjPnQpN-ukf20PA	-89.360809	43.085621	"Thai"
Tjlj3DgQxXKKG4AmnbDnIA	-89.380775	43.072777	"Steakhouses"
tLRXIk4exmTclgKJfNSlGA	-89.497955	43.032108	"Thai"
tLyaM-S_iZZKCeo45AbDpw	-89.524986	43.073238	"Soup"
tmbprlbw5x9h4GM2EBQZ7A	-89.398743	43.077934	"Japanese"
TqR8kAPQ-2Np8RAaL_aspA	-89.475716	43.083088	"Mediterranean"
tsRvkXctd4Aw-5tpXpFH6Q	-89.382767	43.073643	"Italian"
tteHjtbjQfWnJgFe4jPoMA	-89.428398	43.057667	"Gluten-Free"
ttoub5SnLqMGjm0uN0y1nA	-89.453026	43.07333	"Tex-Mex"
tu8XqAD9bp4_GqUmAD4E5A	-89.232231	43.186543	"American (Traditional)"
tUMGHqf05yRUsBuTAoVToA	-89.202522	43.086369	"Breakfast & Brunch"
TWtdZw-QCgG71af01hAU4w	-89.388336	43.074879	"American (New)"
tyiUlSZ4A6gcUIXcPqGKsQ	-89.345947	43.102943	"Mexican"
TypkaxMUTthOfl_Btj5X1A	-89.341324	43.094166	"Pizza"
U166qieBZu1dzTBoRbYDzg	-89.312721	43.125801	"Japanese"
u2JMTEY5H0NRk8ZTMkxPGg	-89.379333	43.074554	"Sushi Bars"
u9D56nbjL1IwxEdlrB4XPw	-89.407486	43.072952	"Sandwiches"
UAmh-XWQXxzmjDeBmkXpZQ	-89.399483	43.07658	"Burgers"
UDxk5pvPlNvEtFM4KQ9m1A	-89.388618	43.074776	"American (Traditional)"
uga5g16PncJOtY7Sc3A05w	-89.525078	43.090652	"Burgers"
uGaxjxl8H885Iv5t0Hf8jw	-89.33992	43.247959	"American (Traditional)"
UgjVZTSOaYoEvws_lAP_Dw	-89.29863	43.017941	"Chinese"
uGykseHzyS5xAMWoN6YUqA	-89.353439	43.252266	"American (Traditional)"
uhPXsYt-6nAzYcUoo2InFg	-89.47377	43.051971	"Asian Fusion"
uhxcmHsXI08b4wWs_zzVMg	-89.393761	43.07486	"Asian Fusion"
UIjO8lq1Lh0H2l9VfIfifQ	-89.379707	43.082359	"American (New)"
uJ-i_-GGYUnzCEs40Fkweg	-89.381538	43.074726	"American (Traditional)"
UkZ5mAzll7d3Hw0UfeAJKQ	-89.266266	43.17067	"Pizza"
umOU5q-ZEWQvDPNo8N8yFg	-89.345947	43.102943	"Burgers"
unMqU0OrlniCOKZIoQHb0A	-89.231697	43.186768	"Fast Food"
unXHmjewHGeWQwJr74Sy9g	-89.301056	43.084473	"Chinese"
upKjWj5qf-wcZOgf-4XKIQ	-89.389709	43.078362	"American (New)"
ur6xZQjZ6PVrR12Za-DrqA	-89.461296	43.189766	"Chinese"
Ut1ONI32lpEgTQrV4_aqDA	-89.532089	43.001865	"Sandwiches"
UUS9jAYMJLcAUWAUHrqQFg	-89.503761	43.05085	"Chinese"
UvcJirkbNRDMhtPsr4FeAQ	-89.528023	42.992767	"Fast Food"
uwjl8UJhUINe_RwbgZsgsg	-89.393745	43.074932	"French"
uxOS4S91Vq9pnyo2Up1Zjg	-89.393578	43.074348	"Chinese"
UyEbMXjDTNGks_k12fGNdg	-89.307304	43.073723	"Hot Dogs"
UZ5dHDH9-YL-xXRgpiHVBQ	-89.511642	43.096714	"Pizza"
uzJ2Vefb951El2oneQI8NQ	-89.353752	43.092392	"Chinese"
V-Ic99jKW-IG4EnI_5HunA	-89.503487	43.059433	"Steakhouses"
v0I0whvGWDQ7NziAnKh2rw	-89.361252	43.127956	"Burgers"
V1EbOEcC-U3dI0l5ysAeiw	-89.365517	43.0835	"Sandwiches"
V3MqDdWmQVbY3Cwk-kAKqg	-89.243782	42.979385	"American (Traditional)"
v5a-Mj4eO1E--HmgwEWo7A	-89.307159	43.128033	"Seafood"
v5mjUyUZeWfLTdxXfZYKMg	-89.370949	43.07822	"American (New)"
v8cTq3_Ll2E8_EvD0dCsow	-89.342484	43.093643	"Breakfast & Brunch"
V9Rha825Yz3VfMWjfgVR8w	-89.381531	43.074734	"Soup"
v9Wn8Plb5ekRJ5-GiZSRJQ	-89.483192	43.014751	"Gastropubs"
vA3WNmLiLTIygm2tCJ6M6g	-89.409431	43.073044	"American (Traditional)"
VaVF4pTL1e7_xITNLhj8Ng	-89.285408	43.141655	"American (New)"
VB-tzuBR6BxMzOkY_cOpwQ	-89.374565	43.076603	"Indonesian"
vdx2hEhbkyn-TNVe9zS79g	-89.302567	43.133156	"Mexican"
vGCetjJwnPU5bqoNxFM3sw	-89.380913	43.07486	"Tapas\/Small Plates"
vK5sub1Y993EtLHVtnt9Pg	-89.401009	43.062935	"Pizza"
VkQYdpbna8eTYaHZ3fAMbg	-89.376205	43.084782	"Breakfast & Brunch"
vktWQYYXnOW0odVFHlX4Jg	-89.523209	43.097977	"Sandwiches"
vlnTdGZI77jOojDsD6KzAQ	-89.426926	43.105434	"Peruvian"
vnnZKz4MhVtC7S3QdQPnfw	-89.347328	43.102268	"Mediterranean"
vNSSn98ePYBbCwRCDnRlVA	-89.363533	43.107773	"Chinese"
vOCmoA6cvhlA5bcATzUR0g	-89.386246	43.07473	"Mexican"
vogZZuDmuVZmKssoZ11Kyw	-89.364594	43.101673	"Mediterranean"
vt0zrlzlHOcvXZsZ0Y-D_g	-89.394958	43.075142	"Afghan"
VToMv6ukjQv3KMOXAO30TQ	-89.318039	43.083614	"Mexican"
VULvBdiunj7HSycDBqmakw	-89.379349	43.074139	"Italian"
VwImfQqQfbUuUaj4aCN1rA	-89.393394	43.074474	"Sandwiches"
Vxb8xRSm79m3WosnTNvVFQ	-89.333878	43.098759	"Thai"
vXK8lVxFjyhVSoSgMvTxww	-89.33683	43.006592	"Fish & Chips"
vxqvzSkMxznFP6JcV2CpyA	-89.314072	43.123421	"Delis"
Vy_HoX_ZaJOMpVIE3W4Srg	-89.279884	43.085369	"American (New)"
vZkR7xkqtzcK7klbD--Rug	-89.395599	43.074142	"Italian"
W14RI0JIQrUg6JazBwcNqw	-89.397461	43.075565	"Thai"
w2Z7GJjCYVL6JKJEQ9UgYw	-89.393394	43.074474	"Chinese"
W4cHF12due10J7xevvjvPw	-89.500435	43.057125	"Thai"
w7XfqsXO3ZEtoZs8_Q5QSw	-89.503822	43.049812	"Pizza"
wAa3LBRo-iLqFbYiuEMPog	-89.526688	43.073299	"Burgers"
WERUCpgQ6bwyMI27uUTHjA	-89.378944	43.051338	"American (Traditional)"
WFDqu9gYBPi1LzrRe85k1A	-89.37606	43.08474	"Pizza"
WgAG5p6oSKPheFRjbWKdnQ	-89.44326	43.075565	"Mexican"
WhBxWYRj6rycigYqdXY9cA	-89.380867	43.074009	"American (New)"
WjYJlmKwdYsNEcrJ6D0C_A	-89.513741	43.096359	"Asian Fusion"
wl-7A4jC0f27MOEmW-XTbQ	-89.486488	43.103664	"Chinese"
wPidHd5FxspPRgVqdEQ-Xw	-89.325737	43.114651	"Mexican"
Wrw9idc8dawuagd3UwvmfA	-89.320023	43.097996	"Mexican"
wS6Qh5NkoPKDwjA_vbUcfg	-89.394806	43.073906	"American (Traditional)"
WsgcDmTPfRNGos90P_t4Kg	-89.407799	43.035213	"American (Traditional)"
WuFqL5uURZwfootmgAMCyA	-89.412987	43.067436	"Breakfast & Brunch"
Wv7AqSOOnMR676h3bZWyJw	-89.388535	43.074997	"Sandwiches"
wXri8QF92KOYe2INyca0yQ	-89.396103	43.07357	"American (Traditional)"
W_iTJxla_wCcEs28FBanNg	-89.456314	43.014187	"American (New)"
x-q08gEaLM73OyabCSKKGg	-89.39843	43.073124	"Chicken Wings"
X47o6R2rWiqGqvBtC7VS3Q	-89.511246	43.099934	"Breakfast & Brunch"
X4M2eZFUlzkPwI1xr8ZdhA	-89.457436	43.014931	"Thai"
x6SGXzrmGPJklnbKO_SGxg	-89.452553	43.070946	"American (New)"
XAbFbHhi2FlZ0sNSt3WJUw	-89.38401	43.072689	"Italian"
xajae0ukR4_hguNobwEawA	-89.428268	43.072182	"Italian"
xb9Ql2HYlQLHIzITj_4X7g	-89.376556	43.079792	"American (Traditional)"
xCoAdsSkgwEm-hzkN25NHA	-89.503044	43.065376	"Mexican"
XDHl0TiHGBsVDeMI4OAdEw	-89.421745	43.034252	"Breakfast & Brunch"
xdVoVO0SjRth_Af5mtOvTg	-89.279861	43.085346	"Gastropubs"
xG7wiKZC0Yu_ZpZtnLC91Q	-89.508476	43.058662	"American (New)"
xgeJVV3ftEMSgXocj4zMow	-89.325844	43.047272	"Pizza"
xgku6TQ_HzM-vZxaos6JWw	-89.452301	43.07209	"Pizza"
XhDlbfGzy_sVDs76n9oTGQ	-89.485855	43.061214	"Delis"
xHJPgPO3wF-F3Ep8Vz17ng	-89.32856	43.114677	"Latin American"
XIZ259hZ6Yww3C0o97MgUQ	-89.301109	43.127148	"Pizza"
xMyTUliefguc3bfetGebJg	-89.360786	43.092236	"Pizza"
XnDKCPI00KP6ByyPGaDYBA	-89.519371	43.060585	"Delis"
xou2z56CFTWYoA99s4DpTg	-89.3246	43.047699	"Tex-Mex"
XsDFvUcFxnOEOw9zKvO-iA	-89.416916	43.064709	"Tex-Mex"
XstnM5vqSqdw-9rLSzUg5A	-89.486176	43.052937	"Mediterranean"
xtW28KmwigJ8fAPgT6OkFw	-89.366341	43.08762	"Burgers"
xVNehV47VEyx-Uj0DTdPEw	-89.210648	43.180798	"Burgers"
XvXisQrvJXcGK5nTImokrw	-89.304367	43.127949	"Chicken Wings"
XWDk-pLSbVE2Vvv9Z-zusQ	-89.347229	43.10144	"Fast Food"
XyG2W5qfu7rj4tCJBZrIKA	-89.545403	42.988796	"American (Traditional)"
Xys8CR7m-Lf8j3SUSAN9Ug	-89.309227	43.065075	"Mexican"
XY_vRB1QTqo86sGALFLjAw	-89.397285	43.055012	"Chinese"
XZP1kK1-j4UxQ2KCuww9GA	-89.513741	43.057709	"Mexican"
xZwaUcrFMSY1O9dK2dAUpA	-89.363625	43.094479	"Chinese"
Y-owGVK9wY-kZYPwG30nZw	-89.461754	43.190029	"Mediterranean"
y7GRFf2jsQxUwu1pw5kkXQ	-89.400887	43.061539	"Japanese"
y93QKoRHJmaBL-x_OkNuyg	-89.529816	43.002041	"American (Traditional)"
YAD6k6DBBxgevBkyXgKE4Q	-89.453842	43.075443	"Mexican"
yBD4U6uAtTIT6Ggh3gy0og	-89.476906	43.014942	"Chicken Wings"
ybkWtM1ZnT2ewuquj3A9KQ	-89.36097	43.129669	"Italian"
YCKOz3ja7i3nbavwdf6lWQ	-89.40181	43.067871	"Italian"
YdN00GJNgC5uY8tlwbzr0Q	-89.379486	43.081989	"Burgers"
yH6iIl_4jzNF44L3HUZ3AQ	-89.394958	43.075142	"Mediterranean"
yiA41pT7DYa4-aX9i0E_Xg	-89.369339	43.079479	"Greek"
yJYXwvF_RBUIdguShrYSSg	-89.386627	43.038887	"Mediterranean"
ykxf0XiJt-d76dBwfO_yew	-89.298744	43.131458	"American (Traditional)"
YnAYdlHFr4y34-UMEpLY1A	-89.398987	43.07539	"Vegan"
yp7pQcbglwBn8tfUVI7QUA	-89.497742	43.106773	"Gastropubs"
YqRptNqPphwwP4Cg2sYQ2g	-89.511719	43.061085	"Irish"
ywbedaAD0n5kP-f4dwAdeA	-89.444321	43.075291	"Chinese"
yXBo7Wgos9B-KzkYSMrNJw	-89.453033	43.073349	"Chinese"
YXfDJLWtchsCccaHMMkyYw	-89.437668	43.075245	"Thai"
yY3JDvjkgh1aSCanr9mgBQ	-89.498131	43.106915	"Mediterranean"
yyFp6roweCVACGtzG77epw	-89.319359	43.120846	"Sandwiches"
yYIEKwgQUHJpySOcVdCAkg	-89.29937	43.136086	"American (New)"
yYLq0mtLpEjJTMBMfG1Cdg	-89.450401	43.054852	"Pizza"
yZwWJQmisOgR5r1hMaTGyg	-89.379189	43.052158	"Steakhouses"
z-Lywypl0Y_O2QIp2mGXmA	-89.206696	43.149452	"Chicken Wings"
Z137pkw7O9Fmfb7SGktEtA	-89.305695	43.130444	"Mexican"
z3dv9I2SN0QNaXLGBCwqBQ	-89.394714	43.074917	"Salad"
Z3qmQ6N4VEudR45exSHrTg	-89.35878	43.087936	"American (New)"
z4acTO-MlZQdkgJE9QCM3g	-89.409073	43.073223	"Japanese"
zBq9sxQ1lfhqufowqt35yw	-89.512413	43.058533	"Chinese"
zCm-stt_czGayumPwlzn2w	-89.502495	43.052128	"Fast Food"
ZdDgpzsj655q2XBUJ9inEQ	-89.396347	43.073338	"Persian\/Iranian"
zeDcEyeIZX-Zzdqcbe61pg	-89.47361	43.050114	"Japanese"
zFFN-NQjuQROEQW_xtQXWQ	-89.523544	43.05526	"American (New)"
zFg6-odpoSKvdTpVI71vqg	-89.317665	43.083561	"Peruvian"
ZiR5Fu1yD5fqDHAfAfTBig	-89.404167	43.1502	"Seafood"
zjdr4OMXZzTHIcKb9VYL-w	-89.518471	43.076077	"Breakfast & Brunch"
ZjwZIQM4TfFO7T7ck7FtYQ	-89.349625	43.112942	"Delis"
ZkVsZQgPqC_I6HGB_Up0gg	-89.325752	43.05365	"Indian"
zOc8lbjViUZajbY7M0aUCQ	-89.288567	43.014164	"Pizza"
ZP761-os3_PHEaNohcz_7A	-89.523972	43.065933	"Steakhouses"
ZpF3XNRqYdEqyxBjKhYFRg	-89.514404	43.096123	"Italian"
zS5eg7BuZ6iQyGEu5ETpag	-89.520821	43.097393	"Tex-Mex"
ZTiP-zNqMENWV_KAv9FBvg	-89.385841	43.075207	"Indian"
ZURfbJW3iDVL7Qj_ZrZmFw	-89.413918	43.151291	"Greek"
ZusZ0l8gBpLvvYcTkuvRgw	-89.473946	43.05233	"American (New)"
ZVCdIgZhGgnGBdzt2Y0Iiw	-89.376633	43.075993	"Breakfast & Brunch"
Zw4dEyrRKcTNvnG9Im8D7A	-89.35865	43.087383	"Barbeque"
ZWL4WsDHMNu0MIICTG1Nyg	-89.400887	43.061539	"Japanese"
zXdR2maYXz6ooHPGjyi_Ww	-89.272118	43.039543	"American (Traditional)"
ZyaqYNhN6K6DIt21MesYoQ	-89.524857	43.070263	"Pizza"
ZZkubP-TCzbGuEOEzZno-A	-89.479393	43.008636	"Fish & Chips"
z_I0ojM_8LhON1laLtntlA	-89.325546	43.049728	"Japanese"
z_mkazvf3NtvDJ-SYQgxow	-89.236221	43.179424	"Pizza"
z_WA9j09K3dbWIbXWSEwkQ	-89.389877	43.075191	"Sandwiches"
_6MDHQQ-PeUJ9CP-MoKApA	-89.503654	43.048843	"Breakfast & Brunch"
_FHj7CEbxgXppkP-XKMuXg	-89.299721	43.125729	"Mexican"
_jQQ9BiuqiVL652jaBKjkw	-89.509537	43.110638	"Pizza"
_Qf-XtG2vm9L_aZB8zc28g	-89.524429	43.098564	"Sandwiches"
_WbZri6b9Wq4iofDm7CI9Q	-89.393356	43.072731	"Breakfast & Brunch"
_wZTYYL7cutanzAnJUTGMA	-89.303787	43.0177	"American (Traditional)"
_xeigHhwNOB6N1if3lQO3w	-89.504509	43.060329	"Italian"
_xssBWvthbdPh2KdAaAJSw	-89.511436	43.015846	"Pizza"
_z9UrC5hCTBK1JIgQD0YDw	-89.389389	43.07478	"Mediterranean"
